id;name;description;category;requirements;location;created_at
1;book;worriedly;upon sharply;by while lazily;yum frightfully kettledrum;2025-09-11T21:47:38
2;graceful;frenetically equate;honestly founder indeed;but unique;um going gee;2025-09-12T04:15:34
3;deliberately;ouch calmly outflank;dandelion encode;medium;humidity judgementally;2025-09-11T10:28:51
4;stigmatize;quaver;oddly truly;reproachfully;uselessly;2025-09-11T14:38:23
5;suddenly;deafening roundabout;dishearten lest proper;frankly approach funny;which;2025-09-11T14:10:46
6;notwithstanding fatal;jam-packed moment;next pave french;gee brood;thoughtfully yawn;2025-09-11T23:57:36
7;dark carelessly citizen;unlike sin excitedly;as;really;carefree yet;2025-09-11T13:06:45
8;beneath now negligible;ew;quash litter for;yak;dime councilman;2025-09-12T02:51:55
9;outside;scarcely spirited;curiously;fiercely ouch;arrogantly;2025-09-11T22:56:02
10;digitize wearily;shameless;by;general;an gut;2025-09-12T08:41:52
